{"_step":0,"original_loss":4.882765769958496,"original_accuracy":0.1428571492433548,"_timestamp":1.752090699651193e+09,"_wandb":{"runtime":4},"_runtime":4}