{"accuracy":1,"final_best_loss":0.24965012073516846,"_runtime":5,"original_accuracy":0.1428571492433548,"loss":0.24965012073516846,"step":41,"_step":44,"original_loss":4.882765769958496,"final_best_accuracy":1,"best_accuracy":0.8571429252624512,"reconstructed_text_step_0":" name were. of theup. and","_wandb":{"runtime":5},"_timestamp":1.7520908590026424e+09,"best_loss":1.133988857269287}