{"_timestamp":1.7520908634548612e+09,"_step":12,"loss":2.511645793914795,"best_accuracy":0.4285714626312256,"_runtime":3,"original_accuracy":0,"_wandb":{"runtime":3},"reconstructed_text_step_0":"SQL- theier is him a chance","original_loss":6.018424987792969,"accuracy":0.4285714626312256,"step":10,"best_loss":2.889976978302002}