{"_runtime":4,"original_loss":4.882765769958496,"original_accuracy":0.1428571492433548,"_timestamp":1.7520904594382567e+09,"_step":0,"_wandb":{"runtime":4}}